{"assets/check.png":["assets/check.png"],"assets/img_logout.png":["assets/img_logout.png"],"assets/plus.png":["assets/plus.png"],"assets/qdegrees.png":["assets/qdegrees.png"],"assets/selectRadio.png":["assets/selectRadio.png"],"assets/unCheck.png":["assets/unCheck.png"],"assets/unSelectRadio.png":["assets/unSelectRadio.png"],"packages/cupertino_icons/assets/CupertinoIcons.ttf":["packages/cupertino_icons/assets/CupertinoIcons.ttf"],"packages/intl_phone_field/assets/flags/ad.png":["packages/intl_phone_field/assets/flags/ad.png"],"packages/intl_phone_field/assets/flags/ae.png":["packages/intl_phone_field/assets/flags/ae.png"],"packages/intl_phone_field/assets/flags/af.png":["packages/intl_phone_field/assets/flags/af.png"],"packages/intl_phone_field/assets/flags/ag.png":["packages/intl_phone_field/assets/flags/ag.png"],"packages/intl_phone_field/assets/flags/ai.png":["packages/intl_phone_field/assets/flags/ai.png"],"packages/intl_phone_field/assets/flags/al.png":["packages/intl_phone_field/assets/flags/al.png"],"packages/intl_phone_field/assets/flags/am.png":["packages/intl_phone_field/assets/flags/am.png"],"packages/intl_phone_field/assets/flags/an.png":["packages/intl_phone_field/assets/flags/an.png"],"packages/intl_phone_field/assets/flags/ao.png":["packages/intl_phone_field/assets/flags/ao.png"],"packages/intl_phone_field/assets/flags/aq.png":["packages/intl_phone_field/assets/flags/aq.png"],"packages/intl_phone_field/assets/flags/ar.png":["packages/intl_phone_field/assets/flags/ar.png"],"packages/intl_phone_field/assets/flags/as.png":["packages/intl_phone_field/assets/flags/as.png"],"packages/intl_phone_field/assets/flags/at.png":["packages/intl_phone_field/assets/flags/at.png"],"packages/intl_phone_field/assets/flags/au.png":["packages/intl_phone_field/assets/flags/au.png"],"packages/intl_phone_field/assets/flags/aw.png":["packages/intl_phone_field/assets/flags/aw.png"],"packages/intl_phone_field/assets/flags/ax.png":["packages/intl_phone_field/assets/flags/ax.png"],"packages/intl_phone_field/assets/flags/az.png":["packages/intl_phone_field/assets/flags/az.png"],"packages/intl_phone_field/assets/flags/ba.png":["packages/intl_phone_field/assets/flags/ba.png"],"packages/intl_phone_field/assets/flags/bb.png":["packages/intl_phone_field/assets/flags/bb.png"],"packages/intl_phone_field/assets/flags/bd.png":["packages/intl_phone_field/assets/flags/bd.png"],"packages/intl_phone_field/assets/flags/be.png":["packages/intl_phone_field/assets/flags/be.png"],"packages/intl_phone_field/assets/flags/bf.png":["packages/intl_phone_field/assets/flags/bf.png"],"packages/intl_phone_field/assets/flags/bg.png":["packages/intl_phone_field/assets/flags/bg.png"],"packages/intl_phone_field/assets/flags/bh.png":["packages/intl_phone_field/assets/flags/bh.png"],"packages/intl_phone_field/assets/flags/bi.png":["packages/intl_phone_field/assets/flags/bi.png"],"packages/intl_phone_field/assets/flags/bj.png":["packages/intl_phone_field/assets/flags/bj.png"],"packages/intl_phone_field/assets/flags/bl.png":["packages/intl_phone_field/assets/flags/bl.png"],"packages/intl_phone_field/assets/flags/bm.png":["packages/intl_phone_field/assets/flags/bm.png"],"packages/intl_phone_field/assets/flags/bn.png":["packages/intl_phone_field/assets/flags/bn.png"],"packages/intl_phone_field/assets/flags/bo.png":["packages/intl_phone_field/assets/flags/bo.png"],"packages/intl_phone_field/assets/flags/bq.png":["packages/intl_phone_field/assets/flags/bq.png"],"packages/intl_phone_field/assets/flags/br.png":["packages/intl_phone_field/assets/flags/br.png"],"packages/intl_phone_field/assets/flags/bs.png":["packages/intl_phone_field/assets/flags/bs.png"],"packages/intl_phone_field/assets/flags/bt.png":["packages/intl_phone_field/assets/flags/bt.png"],"packages/intl_phone_field/assets/flags/bv.png":["packages/intl_phone_field/assets/flags/bv.png"],"packages/intl_phone_field/assets/flags/bw.png":["packages/intl_phone_field/assets/flags/bw.png"],"packages/intl_phone_field/assets/flags/by.png":["packages/intl_phone_field/assets/flags/by.png"],"packages/intl_phone_field/assets/flags/bz.png":["packages/intl_phone_field/assets/flags/bz.png"],"packages/intl_phone_field/assets/flags/ca.png":["packages/intl_phone_field/assets/flags/ca.png"],"packages/intl_phone_field/assets/flags/cc.png":["packages/intl_phone_field/assets/flags/cc.png"],"packages/intl_phone_field/assets/flags/cd.png":["packages/intl_phone_field/assets/flags/cd.png"],"packages/intl_phone_field/assets/flags/cf.png":["packages/intl_phone_field/assets/flags/cf.png"],"packages/intl_phone_field/assets/flags/cg.png":["packages/intl_phone_field/assets/flags/cg.png"],"packages/intl_phone_field/assets/flags/ch.png":["packages/intl_phone_field/assets/flags/ch.png"],"packages/intl_phone_field/assets/flags/ci.png":["packages/intl_phone_field/assets/flags/ci.png"],"packages/intl_phone_field/assets/flags/ck.png":["packages/intl_phone_field/assets/flags/ck.png"],"packages/intl_phone_field/assets/flags/cl.png":["packages/intl_phone_field/assets/flags/cl.png"],"packages/intl_phone_field/assets/flags/cm.png":["packages/intl_phone_field/assets/flags/cm.png"],"packages/intl_phone_field/assets/flags/cn.png":["packages/intl_phone_field/assets/flags/cn.png"],"packages/intl_phone_field/assets/flags/co.png":["packages/intl_phone_field/assets/flags/co.png"],"packages/intl_phone_field/assets/flags/cr.png":["packages/intl_phone_field/assets/flags/cr.png"],"packages/intl_phone_field/assets/flags/cu.png":["packages/intl_phone_field/assets/flags/cu.png"],"packages/intl_phone_field/assets/flags/cv.png":["packages/intl_phone_field/assets/flags/cv.png"],"packages/intl_phone_field/assets/flags/cw.png":["packages/intl_phone_field/assets/flags/cw.png"],"packages/intl_phone_field/assets/flags/cx.png":["packages/intl_phone_field/assets/flags/cx.png"],"packages/intl_phone_field/assets/flags/cy.png":["packages/intl_phone_field/assets/flags/cy.png"],"packages/intl_phone_field/assets/flags/cz.png":["packages/intl_phone_field/assets/flags/cz.png"],"packages/intl_phone_field/assets/flags/de.png":["packages/intl_phone_field/assets/flags/de.png"],"packages/intl_phone_field/assets/flags/dj.png":["packages/intl_phone_field/assets/flags/dj.png"],"packages/intl_phone_field/assets/flags/dk.png":["packages/intl_phone_field/assets/flags/dk.png"],"packages/intl_phone_field/assets/flags/dm.png":["packages/intl_phone_field/assets/flags/dm.png"],"packages/intl_phone_field/assets/flags/do.png":["packages/intl_phone_field/assets/flags/do.png"],"packages/intl_phone_field/assets/flags/dz.png":["packages/intl_phone_field/assets/flags/dz.png"],"packages/intl_phone_field/assets/flags/ec.png":["packages/intl_phone_field/assets/flags/ec.png"],"packages/intl_phone_field/assets/flags/ee.png":["packages/intl_phone_field/assets/flags/ee.png"],"packages/intl_phone_field/assets/flags/eg.png":["packages/intl_phone_field/assets/flags/eg.png"],"packages/intl_phone_field/assets/flags/eh.png":["packages/intl_phone_field/assets/flags/eh.png"],"packages/intl_phone_field/assets/flags/er.png":["packages/intl_phone_field/assets/flags/er.png"],"packages/intl_phone_field/assets/flags/es.png":["packages/intl_phone_field/assets/flags/es.png"],"packages/intl_phone_field/assets/flags/et.png":["packages/intl_phone_field/assets/flags/et.png"],"packages/intl_phone_field/assets/flags/eu.png":["packages/intl_phone_field/assets/flags/eu.png"],"packages/intl_phone_field/assets/flags/fi.png":["packages/intl_phone_field/assets/flags/fi.png"],"packages/intl_phone_field/assets/flags/fj.png":["packages/intl_phone_field/assets/flags/fj.png"],"packages/intl_phone_field/assets/flags/fk.png":["packages/intl_phone_field/assets/flags/fk.png"],"packages/intl_phone_field/assets/flags/fm.png":["packages/intl_phone_field/assets/flags/fm.png"],"packages/intl_phone_field/assets/flags/fo.png":["packages/intl_phone_field/assets/flags/fo.png"],"packages/intl_phone_field/assets/flags/fr.png":["packages/intl_phone_field/assets/flags/fr.png"],"packages/intl_phone_field/assets/flags/ga.png":["packages/intl_phone_field/assets/flags/ga.png"],"packages/intl_phone_field/assets/flags/gb-eng.png":["packages/intl_phone_field/assets/flags/gb-eng.png"],"packages/intl_phone_field/assets/flags/gb-nir.png":["packages/intl_phone_field/assets/flags/gb-nir.png"],"packages/intl_phone_field/assets/flags/gb-sct.png":["packages/intl_phone_field/assets/flags/gb-sct.png"],"packages/intl_phone_field/assets/flags/gb-wls.png":["packages/intl_phone_field/assets/flags/gb-wls.png"],"packages/intl_phone_field/assets/flags/gb.png":["packages/intl_phone_field/assets/flags/gb.png"],"packages/intl_phone_field/assets/flags/gd.png":["packages/intl_phone_field/assets/flags/gd.png"],"packages/intl_phone_field/assets/flags/ge.png":["packages/intl_phone_field/assets/flags/ge.png"],"packages/intl_phone_field/assets/flags/gf.png":["packages/intl_phone_field/assets/flags/gf.png"],"packages/intl_phone_field/assets/flags/gg.png":["packages/intl_phone_field/assets/flags/gg.png"],"packages/intl_phone_field/assets/flags/gh.png":["packages/intl_phone_field/assets/flags/gh.png"],"packages/intl_phone_field/assets/flags/gi.png":["packages/intl_phone_field/assets/flags/gi.png"],"packages/intl_phone_field/assets/flags/gl.png":["packages/intl_phone_field/assets/flags/gl.png"],"packages/intl_phone_field/assets/flags/gm.png":["packages/intl_phone_field/assets/flags/gm.png"],"packages/intl_phone_field/assets/flags/gn.png":["packages/intl_phone_field/assets/flags/gn.png"],"packages/intl_phone_field/assets/flags/gp.png":["packages/intl_phone_field/assets/flags/gp.png"],"packages/intl_phone_field/assets/flags/gq.png":["packages/intl_phone_field/assets/flags/gq.png"],"packages/intl_phone_field/assets/flags/gr.png":["packages/intl_phone_field/assets/flags/gr.png"],"packages/intl_phone_field/assets/flags/gs.png":["packages/intl_phone_field/assets/flags/gs.png"],"packages/intl_phone_field/assets/flags/gt.png":["packages/intl_phone_field/assets/flags/gt.png"],"packages/intl_phone_field/assets/flags/gu.png":["packages/intl_phone_field/assets/flags/gu.png"],"packages/intl_phone_field/assets/flags/gw.png":["packages/intl_phone_field/assets/flags/gw.png"],"packages/intl_phone_field/assets/flags/gy.png":["packages/intl_phone_field/assets/flags/gy.png"],"packages/intl_phone_field/assets/flags/hk.png":["packages/intl_phone_field/assets/flags/hk.png"],"packages/intl_phone_field/assets/flags/hm.png":["packages/intl_phone_field/assets/flags/hm.png"],"packages/intl_phone_field/assets/flags/hn.png":["packages/intl_phone_field/assets/flags/hn.png"],"packages/intl_phone_field/assets/flags/hr.png":["packages/intl_phone_field/assets/flags/hr.png"],"packages/intl_phone_field/assets/flags/ht.png":["packages/intl_phone_field/assets/flags/ht.png"],"packages/intl_phone_field/assets/flags/hu.png":["packages/intl_phone_field/assets/flags/hu.png"],"packages/intl_phone_field/assets/flags/id.png":["packages/intl_phone_field/assets/flags/id.png"],"packages/intl_phone_field/assets/flags/ie.png":["packages/intl_phone_field/assets/flags/ie.png"],"packages/intl_phone_field/assets/flags/il.png":["packages/intl_phone_field/assets/flags/il.png"],"packages/intl_phone_field/assets/flags/im.png":["packages/intl_phone_field/assets/flags/im.png"],"packages/intl_phone_field/assets/flags/in.png":["packages/intl_phone_field/assets/flags/in.png"],"packages/intl_phone_field/assets/flags/io.png":["packages/intl_phone_field/assets/flags/io.png"],"packages/intl_phone_field/assets/flags/iq.png":["packages/intl_phone_field/assets/flags/iq.png"],"packages/intl_phone_field/assets/flags/ir.png":["packages/intl_phone_field/assets/flags/ir.png"],"packages/intl_phone_field/assets/flags/is.png":["packages/intl_phone_field/assets/flags/is.png"],"packages/intl_phone_field/assets/flags/it.png":["packages/intl_phone_field/assets/flags/it.png"],"packages/intl_phone_field/assets/flags/je.png":["packages/intl_phone_field/assets/flags/je.png"],"packages/intl_phone_field/assets/flags/jm.png":["packages/intl_phone_field/assets/flags/jm.png"],"packages/intl_phone_field/assets/flags/jo.png":["packages/intl_phone_field/assets/flags/jo.png"],"packages/intl_phone_field/assets/flags/jp.png":["packages/intl_phone_field/assets/flags/jp.png"],"packages/intl_phone_field/assets/flags/ke.png":["packages/intl_phone_field/assets/flags/ke.png"],"packages/intl_phone_field/assets/flags/kg.png":["packages/intl_phone_field/assets/flags/kg.png"],"packages/intl_phone_field/assets/flags/kh.png":["packages/intl_phone_field/assets/flags/kh.png"],"packages/intl_phone_field/assets/flags/ki.png":["packages/intl_phone_field/assets/flags/ki.png"],"packages/intl_phone_field/assets/flags/km.png":["packages/intl_phone_field/assets/flags/km.png"],"packages/intl_phone_field/assets/flags/kn.png":["packages/intl_phone_field/assets/flags/kn.png"],"packages/intl_phone_field/assets/flags/kp.png":["packages/intl_phone_field/assets/flags/kp.png"],"packages/intl_phone_field/assets/flags/kr.png":["packages/intl_phone_field/assets/flags/kr.png"],"packages/intl_phone_field/assets/flags/kw.png":["packages/intl_phone_field/assets/flags/kw.png"],"packages/intl_phone_field/assets/flags/ky.png":["packages/intl_phone_field/assets/flags/ky.png"],"packages/intl_phone_field/assets/flags/kz.png":["packages/intl_phone_field/assets/flags/kz.png"],"packages/intl_phone_field/assets/flags/la.png":["packages/intl_phone_field/assets/flags/la.png"],"packages/intl_phone_field/assets/flags/lb.png":["packages/intl_phone_field/assets/flags/lb.png"],"packages/intl_phone_field/assets/flags/lc.png":["packages/intl_phone_field/assets/flags/lc.png"],"packages/intl_phone_field/assets/flags/li.png":["packages/intl_phone_field/assets/flags/li.png"],"packages/intl_phone_field/assets/flags/lk.png":["packages/intl_phone_field/assets/flags/lk.png"],"packages/intl_phone_field/assets/flags/lr.png":["packages/intl_phone_field/assets/flags/lr.png"],"packages/intl_phone_field/assets/flags/ls.png":["packages/intl_phone_field/assets/flags/ls.png"],"packages/intl_phone_field/assets/flags/lt.png":["packages/intl_phone_field/assets/flags/lt.png"],"packages/intl_phone_field/assets/flags/lu.png":["packages/intl_phone_field/assets/flags/lu.png"],"packages/intl_phone_field/assets/flags/lv.png":["packages/intl_phone_field/assets/flags/lv.png"],"packages/intl_phone_field/assets/flags/ly.png":["packages/intl_phone_field/assets/flags/ly.png"],"packages/intl_phone_field/assets/flags/ma.png":["packages/intl_phone_field/assets/flags/ma.png"],"packages/intl_phone_field/assets/flags/mc.png":["packages/intl_phone_field/assets/flags/mc.png"],"packages/intl_phone_field/assets/flags/md.png":["packages/intl_phone_field/assets/flags/md.png"],"packages/intl_phone_field/assets/flags/me.png":["packages/intl_phone_field/assets/flags/me.png"],"packages/intl_phone_field/assets/flags/mf.png":["packages/intl_phone_field/assets/flags/mf.png"],"packages/intl_phone_field/assets/flags/mg.png":["packages/intl_phone_field/assets/flags/mg.png"],"packages/intl_phone_field/assets/flags/mh.png":["packages/intl_phone_field/assets/flags/mh.png"],"packages/intl_phone_field/assets/flags/mk.png":["packages/intl_phone_field/assets/flags/mk.png"],"packages/intl_phone_field/assets/flags/ml.png":["packages/intl_phone_field/assets/flags/ml.png"],"packages/intl_phone_field/assets/flags/mm.png":["packages/intl_phone_field/assets/flags/mm.png"],"packages/intl_phone_field/assets/flags/mn.png":["packages/intl_phone_field/assets/flags/mn.png"],"packages/intl_phone_field/assets/flags/mo.png":["packages/intl_phone_field/assets/flags/mo.png"],"packages/intl_phone_field/assets/flags/mp.png":["packages/intl_phone_field/assets/flags/mp.png"],"packages/intl_phone_field/assets/flags/mq.png":["packages/intl_phone_field/assets/flags/mq.png"],"packages/intl_phone_field/assets/flags/mr.png":["packages/intl_phone_field/assets/flags/mr.png"],"packages/intl_phone_field/assets/flags/ms.png":["packages/intl_phone_field/assets/flags/ms.png"],"packages/intl_phone_field/assets/flags/mt.png":["packages/intl_phone_field/assets/flags/mt.png"],"packages/intl_phone_field/assets/flags/mu.png":["packages/intl_phone_field/assets/flags/mu.png"],"packages/intl_phone_field/assets/flags/mv.png":["packages/intl_phone_field/assets/flags/mv.png"],"packages/intl_phone_field/assets/flags/mw.png":["packages/intl_phone_field/assets/flags/mw.png"],"packages/intl_phone_field/assets/flags/mx.png":["packages/intl_phone_field/assets/flags/mx.png"],"packages/intl_phone_field/assets/flags/my.png":["packages/intl_phone_field/assets/flags/my.png"],"packages/intl_phone_field/assets/flags/mz.png":["packages/intl_phone_field/assets/flags/mz.png"],"packages/intl_phone_field/assets/flags/na.png":["packages/intl_phone_field/assets/flags/na.png"],"packages/intl_phone_field/assets/flags/nc.png":["packages/intl_phone_field/assets/flags/nc.png"],"packages/intl_phone_field/assets/flags/ne.png":["packages/intl_phone_field/assets/flags/ne.png"],"packages/intl_phone_field/assets/flags/nf.png":["packages/intl_phone_field/assets/flags/nf.png"],"packages/intl_phone_field/assets/flags/ng.png":["packages/intl_phone_field/assets/flags/ng.png"],"packages/intl_phone_field/assets/flags/ni.png":["packages/intl_phone_field/assets/flags/ni.png"],"packages/intl_phone_field/assets/flags/nl.png":["packages/intl_phone_field/assets/flags/nl.png"],"packages/intl_phone_field/assets/flags/no.png":["packages/intl_phone_field/assets/flags/no.png"],"packages/intl_phone_field/assets/flags/np.png":["packages/intl_phone_field/assets/flags/np.png"],"packages/intl_phone_field/assets/flags/nr.png":["packages/intl_phone_field/assets/flags/nr.png"],"packages/intl_phone_field/assets/flags/nu.png":["packages/intl_phone_field/assets/flags/nu.png"],"packages/intl_phone_field/assets/flags/nz.png":["packages/intl_phone_field/assets/flags/nz.png"],"packages/intl_phone_field/assets/flags/om.png":["packages/intl_phone_field/assets/flags/om.png"],"packages/intl_phone_field/assets/flags/pa.png":["packages/intl_phone_field/assets/flags/pa.png"],"packages/intl_phone_field/assets/flags/pe.png":["packages/intl_phone_field/assets/flags/pe.png"],"packages/intl_phone_field/assets/flags/pf.png":["packages/intl_phone_field/assets/flags/pf.png"],"packages/intl_phone_field/assets/flags/pg.png":["packages/intl_phone_field/assets/flags/pg.png"],"packages/intl_phone_field/assets/flags/ph.png":["packages/intl_phone_field/assets/flags/ph.png"],"packages/intl_phone_field/assets/flags/pk.png":["packages/intl_phone_field/assets/flags/pk.png"],"packages/intl_phone_field/assets/flags/pl.png":["packages/intl_phone_field/assets/flags/pl.png"],"packages/intl_phone_field/assets/flags/pm.png":["packages/intl_phone_field/assets/flags/pm.png"],"packages/intl_phone_field/assets/flags/pn.png":["packages/intl_phone_field/assets/flags/pn.png"],"packages/intl_phone_field/assets/flags/pr.png":["packages/intl_phone_field/assets/flags/pr.png"],"packages/intl_phone_field/assets/flags/ps.png":["packages/intl_phone_field/assets/flags/ps.png"],"packages/intl_phone_field/assets/flags/pt.png":["packages/intl_phone_field/assets/flags/pt.png"],"packages/intl_phone_field/assets/flags/pw.png":["packages/intl_phone_field/assets/flags/pw.png"],"packages/intl_phone_field/assets/flags/py.png":["packages/intl_phone_field/assets/flags/py.png"],"packages/intl_phone_field/assets/flags/qa.png":["packages/intl_phone_field/assets/flags/qa.png"],"packages/intl_phone_field/assets/flags/re.png":["packages/intl_phone_field/assets/flags/re.png"],"packages/intl_phone_field/assets/flags/ro.png":["packages/intl_phone_field/assets/flags/ro.png"],"packages/intl_phone_field/assets/flags/rs.png":["packages/intl_phone_field/assets/flags/rs.png"],"packages/intl_phone_field/assets/flags/ru.png":["packages/intl_phone_field/assets/flags/ru.png"],"packages/intl_phone_field/assets/flags/rw.png":["packages/intl_phone_field/assets/flags/rw.png"],"packages/intl_phone_field/assets/flags/sa.png":["packages/intl_phone_field/assets/flags/sa.png"],"packages/intl_phone_field/assets/flags/sb.png":["packages/intl_phone_field/assets/flags/sb.png"],"packages/intl_phone_field/assets/flags/sc.png":["packages/intl_phone_field/assets/flags/sc.png"],"packages/intl_phone_field/assets/flags/sd.png":["packages/intl_phone_field/assets/flags/sd.png"],"packages/intl_phone_field/assets/flags/se.png":["packages/intl_phone_field/assets/flags/se.png"],"packages/intl_phone_field/assets/flags/sg.png":["packages/intl_phone_field/assets/flags/sg.png"],"packages/intl_phone_field/assets/flags/sh.png":["packages/intl_phone_field/assets/flags/sh.png"],"packages/intl_phone_field/assets/flags/si.png":["packages/intl_phone_field/assets/flags/si.png"],"packages/intl_phone_field/assets/flags/sj.png":["packages/intl_phone_field/assets/flags/sj.png"],"packages/intl_phone_field/assets/flags/sk.png":["packages/intl_phone_field/assets/flags/sk.png"],"packages/intl_phone_field/assets/flags/sl.png":["packages/intl_phone_field/assets/flags/sl.png"],"packages/intl_phone_field/assets/flags/sm.png":["packages/intl_phone_field/assets/flags/sm.png"],"packages/intl_phone_field/assets/flags/sn.png":["packages/intl_phone_field/assets/flags/sn.png"],"packages/intl_phone_field/assets/flags/so.png":["packages/intl_phone_field/assets/flags/so.png"],"packages/intl_phone_field/assets/flags/sr.png":["packages/intl_phone_field/assets/flags/sr.png"],"packages/intl_phone_field/assets/flags/ss.png":["packages/intl_phone_field/assets/flags/ss.png"],"packages/intl_phone_field/assets/flags/st.png":["packages/intl_phone_field/assets/flags/st.png"],"packages/intl_phone_field/assets/flags/sv.png":["packages/intl_phone_field/assets/flags/sv.png"],"packages/intl_phone_field/assets/flags/sx.png":["packages/intl_phone_field/assets/flags/sx.png"],"packages/intl_phone_field/assets/flags/sy.png":["packages/intl_phone_field/assets/flags/sy.png"],"packages/intl_phone_field/assets/flags/sz.png":["packages/intl_phone_field/assets/flags/sz.png"],"packages/intl_phone_field/assets/flags/tc.png":["packages/intl_phone_field/assets/flags/tc.png"],"packages/intl_phone_field/assets/flags/td.png":["packages/intl_phone_field/assets/flags/td.png"],"packages/intl_phone_field/assets/flags/tf.png":["packages/intl_phone_field/assets/flags/tf.png"],"packages/intl_phone_field/assets/flags/tg.png":["packages/intl_phone_field/assets/flags/tg.png"],"packages/intl_phone_field/assets/flags/th.png":["packages/intl_phone_field/assets/flags/th.png"],"packages/intl_phone_field/assets/flags/tj.png":["packages/intl_phone_field/assets/flags/tj.png"],"packages/intl_phone_field/assets/flags/tk.png":["packages/intl_phone_field/assets/flags/tk.png"],"packages/intl_phone_field/assets/flags/tl.png":["packages/intl_phone_field/assets/flags/tl.png"],"packages/intl_phone_field/assets/flags/tm.png":["packages/intl_phone_field/assets/flags/tm.png"],"packages/intl_phone_field/assets/flags/tn.png":["packages/intl_phone_field/assets/flags/tn.png"],"packages/intl_phone_field/assets/flags/to.png":["packages/intl_phone_field/assets/flags/to.png"],"packages/intl_phone_field/assets/flags/tr.png":["packages/intl_phone_field/assets/flags/tr.png"],"packages/intl_phone_field/assets/flags/tt.png":["packages/intl_phone_field/assets/flags/tt.png"],"packages/intl_phone_field/assets/flags/tv.png":["packages/intl_phone_field/assets/flags/tv.png"],"packages/intl_phone_field/assets/flags/tw.png":["packages/intl_phone_field/assets/flags/tw.png"],"packages/intl_phone_field/assets/flags/tz.png":["packages/intl_phone_field/assets/flags/tz.png"],"packages/intl_phone_field/assets/flags/ua.png":["packages/intl_phone_field/assets/flags/ua.png"],"packages/intl_phone_field/assets/flags/ug.png":["packages/intl_phone_field/assets/flags/ug.png"],"packages/intl_phone_field/assets/flags/um.png":["packages/intl_phone_field/assets/flags/um.png"],"packages/intl_phone_field/assets/flags/us.png":["packages/intl_phone_field/assets/flags/us.png"],"packages/intl_phone_field/assets/flags/uy.png":["packages/intl_phone_field/assets/flags/uy.png"],"packages/intl_phone_field/assets/flags/uz.png":["packages/intl_phone_field/assets/flags/uz.png"],"packages/intl_phone_field/assets/flags/va.png":["packages/intl_phone_field/assets/flags/va.png"],"packages/intl_phone_field/assets/flags/vc.png":["packages/intl_phone_field/assets/flags/vc.png"],"packages/intl_phone_field/assets/flags/ve.png":["packages/intl_phone_field/assets/flags/ve.png"],"packages/intl_phone_field/assets/flags/vg.png":["packages/intl_phone_field/assets/flags/vg.png"],"packages/intl_phone_field/assets/flags/vi.png":["packages/intl_phone_field/assets/flags/vi.png"],"packages/intl_phone_field/assets/flags/vn.png":["packages/intl_phone_field/assets/flags/vn.png"],"packages/intl_phone_field/assets/flags/vu.png":["packages/intl_phone_field/assets/flags/vu.png"],"packages/intl_phone_field/assets/flags/wf.png":["packages/intl_phone_field/assets/flags/wf.png"],"packages/intl_phone_field/assets/flags/ws.png":["packages/intl_phone_field/assets/flags/ws.png"],"packages/intl_phone_field/assets/flags/xk.png":["packages/intl_phone_field/assets/flags/xk.png"],"packages/intl_phone_field/assets/flags/ye.png":["packages/intl_phone_field/assets/flags/ye.png"],"packages/intl_phone_field/assets/flags/yt.png":["packages/intl_phone_field/assets/flags/yt.png"],"packages/intl_phone_field/assets/flags/za.png":["packages/intl_phone_field/assets/flags/za.png"],"packages/intl_phone_field/assets/flags/zm.png":["packages/intl_phone_field/assets/flags/zm.png"],"packages/intl_phone_field/assets/flags/zw.png":["packages/intl_phone_field/assets/flags/zw.png"],"packages/toast/assets/toastify.css":["packages/toast/assets/toastify.css"],"packages/toast/assets/toastify.js":["packages/toast/assets/toastify.js"],"packages/wakelock_web/assets/no_sleep.js":["packages/wakelock_web/assets/no_sleep.js"]}